"DT_GERACAO";"HH_GERACAO";"AA_ELEICAO";"CD_ELEICAO";"NM_ELEICAO";"SG_UF";"SG_UE";"NM_UE";"NR_PROTOCOLO_REGISTRO";"DT_REGISTRO";"ST_PESQUISA_PROPRIA";"NR_CNPJ_EMPRESA";"NM_EMPRESA";"NM_EMPRESA_FANTASIA";"DS_CARGO";"DT_INICIO_PESQUISA";"DT_FIM_PESQUISA";"DT_DIVULGACAO";"QT_ENTREVISTADO";"CD_CONRE";"NM_ESTATISTICO_RESP";"VR_PESQUISA";"DS_METODOLOGIA_PESQUISA";"DS_PLANO_AMOSTRAL";"DS_SISTEMA_CONTROLE";"DS_DADO_MUNICIPIO"
"01/09/2026";"05:46:44";2026;81;"Eleições Gerais 2026";"RR";"RR";"RORAIMA";"RR054592026";"2026-08-31 17:10:51";"N";"11028953000184";"CENSUS INSTITUTO DE PESQUISA ESTATISTICA E TECNOLOGIA LTDA";"CIPET";"Governador, Senador, Deputado Federal, Deputado Estadual";"2026-08-31 00:00:00";"2026-09-06 00:00:00";"2026-09-06 00:00:00";1500;"8332";"EZIO LACERDA LOPES";"30000,00";"Pesquisa quantitativa de opinião pública, de abrangência estadual, realizada por meio de questionário estruturado e entrevistas presenciais em pontos de fluxo previamente definidos. A população de referência compreende residentes em Roraima com 16 anos ou mais, observados, para intenção de voto, os critérios eleitorais aplicáveis às Eleições 2026. A amostra contempla capital e interior, com distribuição proporcional aos parâmetros populacionais utilizados no plano amostral. A inferência estatística é destinada exclusivamente ao conjunto do estado, não sendo apropriada para estimativas individualizadas por município, bairro ou localidade. A coleta em pontos de fluxo é acompanhada por controles sociodemográficos e territoriais e, após a coleta, por calibração dos pesos amostrais, não sendo esta, isoladamente, considerada mecanismo de transformação da seleção em pontos de fluxo em amostragem probabilística.";"A amostra planejada é de 1.500 entrevistas, distribuídas territorialmente entre a capital e o interior do estado e controladas segundo os parâmetros populacionais de referência utilizados na elaboração do plano amostral. A composição da amostra será acompanhada durante a coleta e, após o encerramento do trabalho de campo, os dados serão submetidos a procedimento de calibração dos pesos amostrais pelo método Rake (Iterative Proportional Fitting ¿ IPF). A calibração terá por finalidade fazer com que as distribuições marginais ponderadas da amostra final reproduzam os parâmetros de referência. Serão consideradas, conjuntamente, as seguintes dimensões de controle: SEXO: 50,95% Feminino e 49,05% Masculino; IDADE: 16-24 anos (18,46%), 25-34 anos (23,05%), 35-44 anos (20,41%), 45-59 anos (22,53%) e 60 ou mais anos (15,55%); ESCOLARIDADE: Até Fundamental Incompleto (24,64%), Fundamental Completo até Médio Incompleto (27,37%), Médio Completo até Superior Incompleto (37,28%) e Superior Completo (10,71%). Esses parâmetros foram estabelecidos tendo como referência à base oficial disponível do Tribunal Superior Eleitoral ¿ TSE de julho de 2026. Para a variável de nível econômico, serão utilizados dados da Pesquisa Nacional por Amostra de Domicílios Contínua (PNAD Contínua), do Instituto Brasileiro de Geografia e Estatística (IBGE), referentes ao 2º trimestre de 2026. Como variável auxiliar de calibração relacionada à condição de atividade econômica, será utilizada a distribuição da População Economicamente Ativa - PEA: (64,09%) e População Não Economicamente Ativa ¿ PNEA: (35,91%). A distribuição territorial da amostra considera como estratos de controle: Capital: (68,11%) e Interior: (31,89%). A distribuição territorial foi estabelecida com base em dados públicos do Instituto Brasileiro de Geografia e Estatística ¿ IBGE, tendo como referência o Censo Demográfico 2022 e os dados de população residente, inclusive informações por idade e setor censitário. O nível de confiança adotado é de 95% que para o total da amostra de 1.500 entrevistas, a margem de erro teórica máxima é de aproximadamente 2,5 pontos percentuais, sob a aproximação de amostragem aleatória simples e para uma proporção de 50%. Essa margem de erro constitui referência teórica para o total da amostra e não incorpora integralmente eventuais efeitos decorrentes do processo de seleção em pontos de fluxo, da estratificação, da calibração dos pesos e de outras características do desenho amostral. Consequentemente, a precisão efetiva das estimativas poderá diferir da margem teórica de aproximadamente 2,5 pontos percentuais em razão do efeito de desenho e da ponderação aplicada aos dados. As estimativas produzidas destinam-se ao conjunto do estado de Roraima e não são apropriadas para inferências estatísticas individualizadas por município, bairro ou localidade em razão do número de entrevistas alocado em cada unidade territorial.";"As entrevistas são realizadas por entrevistadores devidamente treinados e supervisionados, seguindo protocolos padronizados de abordagem, incluindo monitoramento contínuo da coleta, supervisão em tempo real, auditoria de aproximadamente 10% dos questionários mediante escuta e/ou contato telefônico, além de procedimentos de verificação de consistência e integridade das bases de dados.";"A amostra estadual de 1.500 entrevistas será distribuída da seguinte forma: No interior serão 478 entrevistas, distribuídas utilizando como unidade territorial de controle a distribuição proporcional por município de Alto Alegre (40), Amajari (26), Bonfim (29), Cantá (43), Caracaraí (48), Caroebe (25), Iracema (22), Mucajaí (43), Normandia (25), Pacaraima (37), Rorainópolis (78), São João da Baliza (22), São Luiz (18) e Uiramutã (22). Na capital, correspondente ao município de Boa Vista, serão realizadas 1.022 entrevistas, distribuídas proporcionalmente entre os bairros e localidades. A distribuição territorial terá como referência a população por setor censitário e faixa etária, permitindo uma representação proporcional da população. Posteriormente, os resultados serão agregados de acordo com as respectivas áreas e bairros de coleta. Senador Hélio Campos (91), Cidade Satélite (45), Caranã (34), Jardim Equatorial (33), São Bento (31), Asa Branca (30), Alvorada (28), Dr. Silvio Leite (27), Pintolândia (27), Santa Tereza (25), Buritis (25), Jóquei Clube (24), Paraviana (23), Centenário (23), Cauamé (23), Caimbé (22), Nova Cidade (22), Cinturão Verde (22), Tancredo Neves (21), Doutor Airton Rocha (20), Pricumã (20), Raiar do Sol (20), Dr. Silvio Botelho (19), Mecejana (19), Jardim Primavera (18), Liberdade (18), São Vicente (17), Aparecida (17), Santa Luzia (17), Cambará (17), Jardim Floresta (16), Treze de Setembro (16), Bela Vista (16), Jardim Tropical (15), Caçari (15), União (13), dos Estados (13), Professora Araceli Souto Maior (12), Centro (12), Jardim Caranã (11), Operário (11), São Francisco (11), Aeroporto (10), João de Barro (10), Pedra Pintada (9), Nova Canaã (8), Calunga (7), Murilo Teixeira Cidade (6), Laura Moreira (5), Trinta e um de Março (5), Olímpico (4), Said Salomão (4), Piscicultura (3), Canarinho (2), Governador Aquilino Mota Duarte (2), Assentamento Residencial Monte Cristo (2), São Pedro (2), 5 de Outubro (2) e Monte das Oliveiras (2). No interior as amostras foram por município: Alto Alegre (40), Amajari (26), Boa Vista (1022), Bonfim (29), Cantá (43), Caracaraí (48), Caroebe (25), Iracema (22), Mucajaí (43), Normandia (25), Pacaraima (37), Rorainópolis (78), São João da Baliza (22), São Luiz (18) e Uiramutã (22)."
"01/09/2026";"05:46:44";2026;81;"Eleições Gerais 2026";"RR";"RR";"RORAIMA";"RR017972026";"2026-05-05 20:27:02";"S";"00654576000172";"INSTITUTO VERITA LTDA";"VERITA";"Governador, Senador";"2026-05-06 00:00:00";"2026-05-10 00:00:00";"2026-05-11 00:00:00";1030;"10699";"GUILHERME ALVARENGA LAIA";"79310,00";"Pesquisa quantitativa, que consiste na realização de entrevistas, com a aplicação de questionário estruturado junto a uma amostra representativa do eleitorado desta Unidade da Federação.";"ESTUDO REPRESENTATIVO DO ELEITORADO DO ESTADO DE RORAIMA - MÉTODO PPT (Probabilidade Proporcional ao Tamanho) - PLANO AMOSTRAL E PONDERAÇÃO QUANTO A SEXO, IDADE, GRAU DE INSTRUÇÃO E NÍVEL ECONÔMICO DO ENTREVISTADO; INTERVALO DE CONFIANÇA E MARGEM DE ERRO: Representativo do eleitorado da área em estudo, elaborada, em vários estágios, da seguinte forma: - 1. Divisão da UF em estratos proporcionais de municípios. 2. Ordenação dos municípios de cada estrato segundo o porte. 3. Sorteio dos municípios de cada estrato. 4. Os respondentes são selecionados através de quotas amostrais proporcionais em função de variáveis significativas, a saber: GÊNERO / FAIXA ETÁRIA - FEMININO E MASCULINO 16 A 34 ANOS 21,1% E 19,9%, 35 A 54 ANOS 19,5% E 18%, 55 ANOS OU MAIS 10,6% E 11%. GRAU DE INSTRUÇÃO ¿ FEMININO E MASCULINO Sem instrução até Ensino Médio completo 55,7%, Ensino superior incompleto e completo 44,3% NÍVEL ECONÔMICO - FEMININO população não economicamente ativa 46,5% população economicamente ativa 53,5% MASCULINO população não economicamente ativa 27,2% população economicamente ativa 72,8%. RENDA FAMILIAR DO DOMICÍLIO renda familiar de até 2 salários-mínimos 30,7%; de 2 a 5 salários-mínimos 44,2%, acima de 5 salários-mínimos 25,1%. Está prevista eventual ponderação para correção das variáveis, com base nos percentuais anteriormente mencionados, caso ocorram diferenças superiores a margem de erro da pesquisa previsto entre a amostra e a coleta de dados realizada. O fator previsto para ponderação é 1 (resultados obtidos na coleta de dados). O intervalo de confiança estimado é de 95% e a margem de erro máxima estimada considerando um modelo de amostragem aleatório simples, é de 3,5 pontos percentuais para mais ou para menos sobre os resultados encontrados no total da amostra. FONTE DOS DADOS: IBGE/Censo 2022 para fins de densidade demográfica, setores censitários e alocação da amostra. IBGE/PNAD/PNADC/MEC/INEP para fins de Nível Econômico e Escolaridade. TSE FEVEREIRO/2026 para fins de Sexo, Faixa Etária e eleitorado por município ou regiões previamente definidas (importante ressaltar para o público leigo que os dados do TSE são os únicos corretos para gênero, idade dos eleitores e quantitativo de eleitores por municípios já que a base de dados se atualiza automaticamente, PORÉM, dados de escolaridade e nível econômico NÃO são corretos e confiáveis devido a desatualização que ocorre naturalmente com o passar dos anos). Definição de margem de erro e intervalo de confiança: Margem de erro e intervalo de confiança não são grandezas diretamente proporcionais. A SOMA NÃO TEM QUE RESULTAR 100%. ";"Após os trabalhos de coleta de dados, os questionários são submetidos a uma fiscalização, conferência e checagem de cerca de 20% (vinte por cento) dos questionários aplicados.";"A relação dos municípios sorteados ou selecionados para esta pesquisa será apresentada em arquivo anexo até 1 (um) dia após a divulgação desta pesquisa conforme §7º. do art. 2º. da Resolução-TSE nº. 23.600/2019. A área de abrangência desta pesquisa é o Estado DE RORAIMA"
"01/09/2026";"05:46:44";2026;81;"Eleições Gerais 2026";"RR";"RR";"RORAIMA";"RR063282026";"2026-03-28 17:38:16";"S";"00654576000172";"INSTITUTO VERITA LTDA";"VERITA";"Governador, Senador, Deputado Federal, Deputado Estadual";"2026-03-29 00:00:00";"2026-04-04 00:00:00";"2026-04-03 00:00:00";1030;"10699";"GUILHERME ALVARENGA LAIA";"79310,00";"Pesquisa quantitativa, que consiste na realização de entrevistas, com a aplicação de questionário estruturado junto a uma amostra representativa do eleitorado desta Unidade da Federação.";"ESTUDO REPRESENTATIVO DO ELEITORADO DO ESTADO DE RORAIMA - MÉTODO PPT (Probabilidade Proporcional ao Tamanho) - PLANO AMOSTRAL E PONDERAÇÃO QUANTO A SEXO, IDADE, GRAU DE INSTRUÇÃO E NÍVEL ECONÔMICO DO ENTREVISTADO; INTERVALO DE CONFIANÇA E MARGEM DE ERRO: Representativo do eleitorado da área em estudo, elaborada, em vários estágios, da seguinte forma: - 1. Divisão da UF em estratos proporcionais de municípios. 2. Ordenação dos municípios de cada estrato segundo o porte. 3. Sorteio dos municípios de cada estrato. 4. Os respondentes são selecionados através de quotas amostrais proporcionais em função de variáveis significativas, a saber: GÊNERO / FAIXA ETÁRIA - FEMININO E MASCULINO 16 A 34 ANOS 21,1% E 19,9%, 35 A 54 ANOS 19,5% E 18%, 55 ANOS OU MAIS 10,6% E 11%. GRAU DE INSTRUÇÃO ¿ FEMININO E MASCULINO Sem instrução até Ensino Médio completo 55,7%, Ensino superior incompleto e completo 44,3% NÍVEL ECONÔMICO - FEMININO população não economicamente ativa 46,5% população economicamente ativa 53,5% MASCULINO população não economicamente ativa 27,2% população economicamente ativa 72,8%. RENDA FAMILIAR DO DOMICÍLIO renda familiar de até 2 salários-mínimos 30,7%; de 2 a 5 salários-mínimos 44,2%, acima de 5 salários-mínimos 25,1%. Está prevista eventual ponderação para correção das variáveis, com base nos percentuais anteriormente mencionados, caso ocorram diferenças superiores a margem de erro da pesquisa prevista entre a amostra e a coleta de dados realizada. O fator previsto para ponderação é 1 (resultados obtidos na coleta de dados). O intervalo de confiança estimado é de 95% e a margem de erro máxima estimada considerando um modelo de amostragem aleatório simples, é de aproximadamente 3,5 pontos percentuais para mais ou para menos sobre os resultados encontrados no total da amostra. FONTE DOS DADOS: IBGE/Censo 2022 para fins de densidade demográfica, setores censitários e alocação da amostra. IBGE/PNAD/PNADC/MEC/INEP para fins de Nível Econômico e Escolaridade. TSE FEVEREIRO/2026 para fins de Sexo, Faixa Etária e eleitorado por município ou regiões previamente definidas (importante ressaltar para o público leigo que os dados do TSE são os únicos corretos para gênero, idade dos eleitores e quantitativo de eleitores por municípios já que a base de dados se atualiza automaticamente, PORÉM, dados de escolaridade e nível econômico NÃO são corretos e confiáveis devido a desatualização que ocorre naturalmente com o passar dos anos). Definição de margem de erro e intervalo de confiança: Margem de erro e intervalo de confiança não são grandezas diretamente proporcionais. A SOMA NÃO TEM QUE RESULTAR 100%. ";"Após os trabalhos de coleta de dados, os questionários são submetidos a uma fiscalização, conferência e checagem de cerca de 20% (vinte por cento) dos questionários aplicados.";"A relação dos municípios sorteados ou selecionados para esta pesquisa será apresentada em arquivo anexo até 1 (um) dia após a divulgação desta pesquisa conforme §7º. do art. 2º. da Resolução-TSE nº. 23.600/2019. A área de abrangência desta pesquisa é o Estado DE RORAIMA"
"01/09/2026";"05:46:44";2026;81;"Eleições Gerais 2026";"RR";"RR";"RORAIMA";"RR060082026";"2026-06-15 15:28:06";"S";"15625058000106";"INSTITUTO DE PESQUISA INOPE EXCELENCIA LTDA";"INST. DO NORTE DE OPINIAO PUBLICA E ESTATISTICA - INOPE";"Governador";"2026-06-21 00:00:00";"2026-06-21 00:00:00";"2026-06-21 00:00:00";2000;"C8717";"Alan Ioshikazu Ofuji";"20000,00";"Esse registro é para as eleições suplementares para governador de Roraima, que ocorrerá no dia 21 de junho de 2026. Como o sistema Pesqele não está disponibilizando essa opção no campo ""Eleição:"" nos dados da pesquisa, foi informado ""Eleições Gerais 2026""

Pesquisa de boca de urna com data de realização no dia 21 de junho de 2026, durante o horário de votação da eleição suplementar para Governador do Estado de Roraima. Nível de confiança de 95% e margem de erro de 2,19% para mais ou para menos. O universo da pesquisa são os eleitores do Estado de Roraima que votam na eleição suplementar de 2026, nos 14 municípios abrangidos pela pesquisa. Método quantitativo probabilístico e seleção aleatória da unidade amostral pelo método de amostragem estratificada proporcional. Os entrevistadores posicionam-se em via pública, imediatamente após a saída dos eleitores das seções eleitorais, abordando os participantes mediante consentimento voluntário. A coleta é feita por meio de questionário estruturado com pergunta de voto declarado, apresentada em disco circular impresso com os nomes dos candidatos registrados. O registro de cada entrevista é efetuado em aplicativo móvel próprio, com captura automática de coordenadas GPS e horário. O período de aplicação dos questionários é o dia 21 de junho de 2026, das 8h às 16h30. A divulgação dos resultados ocorre a partir das 17h do dia 21 de junho de 2026, conforme art. 12 da Resolução TSE nº 23.600/2019.";"Tipo de pesquisa: levantamento de boca de urna.
Amostragem: probabilística, estratificada e proporcional, com seleção sistemática aleatória dos eleitores na saída das seções eleitorais, imediatamente após o voto.
Universo da pesquisa: eleitores que votam na eleição suplementar para Governador do Estado de Roraima realizada em 21 de junho de 2026, nos 14 municípios abrangidos: Alto Alegre, Amajari, Boa Vista, Bonfim, Cantá, Caracaraí, Caroebe, Iracema, Mucajaí, Normandia, Pacaraima, Rorainópolis, São João da Baliza e São Luiz.
Fonte pública dos dados: Estatísticas do Eleitorado do Tribunal Superior Eleitoral (TSE), data de corte de janeiro de 2026, totalizando 387.802 eleitores aptos nos municípios pesquisados. Essa base é utilizada tanto para a alocação proporcional da amostra quanto para a ponderação das variáveis demográficas.
Exclusão de Uiramutã: o município não integra o plano amostral em razão da relação desfavorável entre custo de coleta e relevância estatística. Possui o menor colégio eleitoral do estado, com peso inferior a 1% do eleitorado, acesso predominantemente por via aérea ou por estradas precárias e elevado custo operacional para coleta presencial. Seu impacto sobre o resultado estadual é estatisticamente negligenciável. Os resultados referem-se ao conjunto dos 14 municípios pesquisados.
Nível de confiança: 95%.
Margem de erro: 2,19% para mais ou para menos, calculada para a proporção máxima (p=0,5) pela fórmula ME = 1,96 x raiz(0,25/n), com n = 2.000. A margem de erro refere-se ao conjunto agregado da amostra, não sendo aplicável a recortes municipais individuais, cujos tamanhos amostrais não comportam o mesmo nível de precisão.
Tamanho da amostra: 2.000 entrevistas.
Distribuição proporcional da amostra por município (número de entrevistas): Boa Vista 1.187; Rorainópolis 119; Cantá 91; Bonfim 81; Caracaraí 78; Mucajaí 74; Alto Alegre 68; Normandia 64; Iracema 52; Pacaraima 49; Amajari 39; Caroebe 38; São Luiz 31; São João da Baliza 29.
Ponderação: as variáveis sexo, faixa etária e grau de instrução são ponderadas conforme os percentuais do universo, segundo os dados públicos do TSE, a saber: sexo feminino 51,1% e masculino 48,9%; faixa etária até 29 anos 29,9%, 30 a 39 anos 21,6%, 40 a 49 anos 19,7%, 50 anos ou mais 28,8%; grau de instrução até Ensino Fundamental completo 30,1%, Ensino Médio incompleto/completo 51,6%, Ensino Superior incompleto/completo 18,3%. A variável nível econômico (renda familiar) é submetida ao acaso, sem aplicação de cotas ou ponderação prévia, constituindo opção metodológica informada.
";"Toda a equipe de pesquisadores recebe treinamento prévio específico para pesquisa de boca de urna, com instrução sobre posicionamento em via pública, roteiro padronizado de abordagem e uso do aplicativo de coleta. Os entrevistadores abordam os eleitores exclusivamente após a saída das seções eleitorais, identificando-se com crachá neutro contendo o nome da empresa e o número de registro da pesquisa no TSE. A coleta de dados é realizada por meio de aplicativo móvel próprio, com registro automático de coordenadas GPS e horário para cada entrevista, vinculados ao identificador do dispositivo. A supervisão presencial ocorre na proporção de um supervisor para cada grupo de entrevistadores, com acompanhamento das abordagens, conferência do volume coletado por seção e registro de incidentes. Após a coleta, é realizada validação de consistência entre as coordenadas GPS registradas e os endereços das seções visitadas, e entre o número de entrevistas coletadas por seção e o volume proporcional esperado. É realizada ainda checagem de ao menos 20% dos questionários após a coleta. Os registros de GPS, horário e identificação dos dispositivos ficam disponíveis para auditoria pela Justiça Eleitoral e pelos partidos políticos, nos termos do art. 34 da Lei nº 9.504/1997.";"A pesquisa abrange 14 municípios do Estado de Roraima, com a seguinte distribuição prevista de entrevistas: Boa Vista 1.187; Rorainópolis 119; Cantá 91; Bonfim 81; Caracaraí 78; Mucajaí 74; Alto Alegre 68; Normandia 64; Iracema 52; Pacaraima 49; Amajari 39; Caroebe 38; São Luiz 31; São João da Baliza 29. Total: 2.000 entrevistas. A coleta é realizada nas seções eleitorais e respectivos locais de votação desses municípios, na via pública externa às seções, após a saída dos eleitores. A distribuição por município segue a proporção do eleitorado apto, conforme as Estatísticas do Eleitorado do TSE, data de corte de janeiro de 2026. Eventuais ajustes mínimos na alocação das entrevistas, decorrentes de condições operacionais de campo no dia da aplicação, poderão ocorrer e, se verificados, serão retificados no momento oportuno e legalmente previsto, por meio da complementação dos dados de abrangência a partir do dia em que a pesquisa puder ser divulgada e até o dia seguinte, nos termos do § 7º do art. 2º da Resolução TSE nº 23.600/2019."
"01/09/2026";"05:46:44";2026;81;"Eleições Gerais 2026";"RR";"RR";"RORAIMA";"RR057052026";"2026-08-29 21:31:04";"S";"00654576000172";"INSTITUTO VERITA LTDA";"VERITA";"Governador, Senador";"2026-08-29 00:00:00";"2026-09-01 00:00:00";"2026-09-04 00:00:00";1030;"10699";"Guilherme Alvarenga Laia";"79310,00";"Estudo quantitativo voltado às Eleições 2026, realizado por meio de entrevistas individuais, aplicadas mediante questionário eletrônico estruturado e Unidade Automatizada de Respostas Audíveis e Auditáveis, por meio de ligações para telefones móveis (celulares). A inteligência artificial é empregada exclusivamente para a transcrição automatizada das respostas em áudio, não interferindo na formulação das perguntas, na condução das entrevistas, na coleta das informações, na interpretação das respostas ou no tratamento estatístico dos dados.

A participação dos eleitores é voluntária, espontânea e não remunerada. As respostas são prestadas por autodeclaração, sendo, em sua maioria, registradas por meio de códigos numéricos correspondentes às alternativas previamente definidas no questionário.

A utilização de sistema eletrônico automatizado para a coleta e o registro das respostas proporciona elevado nível de padronização operacional, reduz a possibilidade de interferência humana durante a realização das entrevistas, amplia a rastreabilidade e a auditabilidade de todo o processo de coleta e contribui para maior precisão, consistência e confiabilidade dos dados obtidos.

O plano amostral foi elaborado para assegurar a representatividade estatística do eleitorado da respectiva Unidade da Federação, observando critérios técnicos de seleção, distribuição e ponderação da amostra, quando aplicáveis.";"A pesquisa foi planejada para produzir uma amostra estatisticamente representativa do eleitorado do estado DE RORAIMA, utilizando o método de Probabilidade Proporcional ao Tamanho (PPT), com plano amostral em múltiplos estágios. Na primeira etapa, esta Unidade da Federação é dividida em macrorregiões, de forma a assegurar adequada distribuição territorial da amostra e representação das diferentes características geográficas, demográficas e eleitorais. Na segunda etapa, os municípios de cada estrato são ordenados segundo seu porte populacional e eleitoral e sorteados. Na terceira etapa, os respondentes são selecionados entre os eleitores aptos residentes nos municípios sorteados, observando-se a distribuição proporcional da amostra e as cotas estabelecidas para as variáveis de sexo, faixa etária, grau de instrução e nível econômico. As cotas são estabelecidas para a pesquisa completa, considerando a composição do eleitorado e os parâmetros oficiais de referência, não sendo aplicadas isoladamente a cada município selecionado.

SEXO E FAIXA ETÁRIA - Fonte: Tribunal Superior Eleitoral (TSE), Perfil do Eleitorado, junho de 2026. Feminino de 16 a 34 anos: 21,6%; Masculino de 16 a 34 anos: 20,5%; Feminino de 35 a 54 anos: 19%; Masculino de 35 a 54 anos: 17,7%; Feminino com 55 anos ou mais: 10,4%; Masculino com 55 anos ou mais: 10,8%. Os parâmetros de sexo e idade têm como referência o cadastro eleitoral brasileiro atualizado pelo Tribunal Superior Eleitoral, considerando o universo de eleitores aptos com 16 anos ou mais.

GRAU DE INSTRUÇÃO - Fonte: IBGE - Pesquisa Nacional por Amostra de Domicílios Contínua - PNAD Contínua, 1º trimestre de 2026. A distribuição é: sem instrução 3,5%; ensino fundamental incompleto ou equivalente 18,4%; ensino fundamental completo ou equivalente 6,6%; ensino médio incompleto ou equivalente 8,1%; ensino médio completo ou equivalente 36,7%; ensino superior incompleto ou equivalente 7,8%; ensino superior completo 18,9%. Para não confundir os respondentes as faixas de escolaridade no questionário foram agrupadas em 3 faixas: até ensino fundamental incompleto e completo, ensino médio incompleto e completo e superior incompleto, completo ou mais. A PNAD Contínua é utilizada como referência por constituir a fonte oficial mais atualizada para a mensuração do nível de instrução da população brasileira, sua utilização também corrige limitações decorrentes da ausência de atualização obrigatória e contínua das informações de escolaridade no cadastro eleitoral do Tribunal Superior Eleitoral.

NÍVEL ECONÔMICO - RENDA FAMILIAR DO DOMICÍLIO - Fonte: IBGE - PNAD Contínua Anual 2025. Considera-se a renda domiciliar total, compreendendo rendimentos provenientes de trabalho formal e informal, aposentadorias, pensões, benefícios sociais e demais fontes de renda existentes no domicílio. observando-se a seguinte distribuição: renda familiar de até 2 salários-mínimos 41,7%; de 2 a 5 salários-mínimos 36,4%, acima de 5 salários-mínimos 21,8%.

PONDERAÇÃO E CALIBRAÇÃO DA AMOSTRA - Prevê-se eventual ponderação das variáveis de sexo, faixa etária, grau de instrução e nível econômico, caso sejam verificadas diferenças relevantes entre a distribuição da amostra efetivamente coletada e os parâmetros populacionais de referência adotados. Inicialmente, o fator de ponderação é igual a 1 (um), podendo ser recalculado sempre que necessário para assegurar a representatividade estatística da amostra.
INTERVALO DE CONFIANÇA E MARGEM DE ERRO - O intervalo de confiança adotado é de 95%, com margem máxima estimada de erro de aproximadamente 3,5 pontos percentuais, para mais ou para menos, sobre os resultados do total da amostra, calculada segundo o modelo de amostragem aleatória simples e a hipótese de máxima variabilidade.";"Após os trabalhos de coleta de dados, os questionários são submetidos a uma fiscalização, conferência e checagem de cerca de 20% (vinte por cento) dos questionários aplicados. Todas as entrevistas são integralmente registradas em áudio, permanecendo auditáveis e rastreáveis, permitindo a verificação da integridade do processo de coleta, preservado o sigilo das informações pessoais dos entrevistados e observadas as disposições da Lei Geral de Proteção de Dados Pessoais (Lei nº 13.709/2018).";"Em observância ao art. 2º, § 7º, da Resolução TSE nº 23.600/2019, com redação dada pela Resolução TSE nº 23.747/2026, a presente pesquisa terá seu registro complementado no Sistema de Registro de Pesquisas Eleitorais a partir da data em que sua divulgação for permitida e até o dia seguinte, com a identificação dos municípios em que foram realizadas as entrevistas, bem como da composição final da amostra quanto a gênero, idade, grau de instrução e nível econômico, na forma exigida pela legislação eleitoral vigente."
"01/09/2026";"05:46:44";2026;81;"Eleições Gerais 2026";"RR";"RR";"RORAIMA";"RR083232026";"2026-08-24 23:06:30";"N";"11028953000184";"CENSUS INSTITUTO DE PESQUISA ESTATISTICA E TECNOLOGIA LTDA";"CIPET";"Governador, Senador, Deputado Federal, Deputado Estadual";"2026-08-24 00:00:00";"2026-08-30 00:00:00";"2026-08-30 00:00:00";1500;"8332";"EZIO LACERDA LOPES";"30000,00";"Pesquisa quantitativa de opinião pública, de abrangência estadual, realizada por meio de questionário estruturado e entrevistas presenciais em pontos de fluxo previamente definidos. A população de referência compreende residentes em Roraima com 16 anos ou mais, observados, para intenção de voto, os critérios eleitorais aplicáveis às Eleições 2026. A amostra contempla capital e interior, com distribuição proporcional aos parâmetros populacionais utilizados no plano amostral. A inferência estatística é destinada exclusivamente ao conjunto do estado, não sendo apropriada para estimativas individualizadas por município, bairro ou localidade. A coleta em pontos de fluxo é acompanhada por controles sociodemográficos e territoriais e, após a coleta, por calibração dos pesos amostrais, não sendo esta, isoladamente, considerada mecanismo de transformação da seleção em pontos de fluxo em amostragem probabilística.";"A amostra planejada é de 1.500 entrevistas, distribuídas territorialmente entre a capital e o interior do estado e controladas segundo os parâmetros populacionais de referência utilizados na elaboração do plano amostral. A composição da amostra será acompanhada durante a coleta e, após o encerramento do trabalho de campo, os dados serão submetidos a procedimento de calibração dos pesos amostrais pelo método Rake (Iterative Proportional Fitting ¿ IPF). A calibração terá por finalidade fazer com que as distribuições marginais ponderadas da amostra final reproduzam os parâmetros de referência. Serão consideradas, conjuntamente, as seguintes dimensões de controle: SEXO: 50,95% Feminino e 49,05% Masculino; IDADE: 16-24 anos (18,46%), 25-34 anos (23,05%), 35-44 anos (20,41%), 45-59 anos (22,53%) e 60 ou mais anos (15,55%); ESCOLARIDADE:  Até Fundamental Incompleto (24,64%), Fundamental Completo até Médio Incompleto (27,37%), Médio Completo até Superior Incompleto (37,28%) e Superior Completo (10,71%). Esses parâmetros foram estabelecidos tendo como referência à base oficial disponível do Tribunal Superior Eleitoral ¿ TSE de julho de 2026.   Para a variável de nível econômico, serão utilizados dados da Pesquisa Nacional por Amostra de Domicílios Contínua (PNAD Contínua), do Instituto Brasileiro de Geografia e Estatística (IBGE), referentes ao 2º trimestre de 2026. Como variável auxiliar de calibração relacionada à condição de atividade econômica, será utilizada a distribuição da População Economicamente Ativa - PEA: (64,09%) e População Não Economicamente Ativa ¿ PNEA: (35,91%). A distribuição territorial da amostra considera como estratos de controle: Capital: (68,11%) e Interior: (31,89%). A distribuição territorial foi estabelecida com base em dados públicos do Instituto Brasileiro de Geografia e Estatística ¿ IBGE, tendo como referência o Censo Demográfico 2022 e os dados de população residente, inclusive informações por idade e setor censitário. O nível de confiança adotado é de 95% que para o total da amostra de 1.500 entrevistas, a margem de erro teórica máxima é de aproximadamente 2,5 pontos percentuais, sob a aproximação de amostragem aleatória simples e para uma proporção de 50%. Essa margem de erro constitui referência teórica para o total da amostra e não incorpora integralmente eventuais efeitos decorrentes do processo de seleção em pontos de fluxo, da estratificação, da calibração dos pesos e de outras características do desenho amostral. Consequentemente, a precisão efetiva das estimativas poderá diferir da margem teórica de aproximadamente 2,5 pontos percentuais em razão do efeito de desenho e da ponderação aplicada aos dados. As estimativas produzidas destinam-se ao conjunto do estado de Roraima e não são apropriadas para inferências estatísticas individualizadas por município, bairro ou localidade em razão do número de entrevistas alocado em cada unidade territorial.";"As entrevistas são realizadas por entrevistadores devidamente treinados e supervisionados, seguindo protocolos padronizados de abordagem, incluindo monitoramento contínuo da coleta, supervisão em tempo real, auditoria de aproximadamente 10% dos questionários mediante escuta e/ou contato telefônico, além de procedimentos de verificação de consistência e integridade das bases de dados.";"A amostra estadual de 1.500 entrevistas será distribuída da seguinte forma: No interior serão 478 entrevistas, distribuídas utilizando como unidade territorial de controle a distribuição proporcional por município de Alto Alegre (40), Amajari (26), Bonfim (29), Cantá (43), Caracaraí (48), Caroebe (25), Iracema (22), Mucajaí (43), Normandia (25), Pacaraima (37), Rorainópolis (78), São João da Baliza (22), São Luiz (18) e Uiramutã (22). Na capital, correspondente ao município de Boa Vista, serão realizadas 1.022 entrevistas, distribuídas proporcionalmente entre os bairros e localidades. A distribuição territorial terá como referência a população por setor censitário e faixa etária, permitindo uma representação proporcional da população. Posteriormente, os resultados serão agregados de acordo com as respectivas áreas e bairros de coleta. Senador Hélio Campos (91), Cidade Satélite (45), Caranã (34), Jardim Equatorial (33), São Bento (31), Asa Branca (30), Alvorada (28), Dr. Silvio Leite (27), Pintolândia (27), Santa Tereza (25), Buritis (25), Jóquei Clube (24), Paraviana (23), Centenário (23), Cauamé (23), Caimbé (22), Nova Cidade (22), Cinturão Verde (22), Tancredo Neves (21), Doutor Airton Rocha (20), Pricumã (20), Raiar do Sol (20), Dr. Silvio Botelho (19), Mecejana (19), Jardim Primavera (18), Liberdade (18), São Vicente (17), Aparecida (17), Santa Luzia (17), Cambará (17), Jardim Floresta (16), Treze de Setembro (16), Bela Vista (16), Jardim Tropical (15), Caçari (15), União (13), dos Estados (13), Professora Araceli Souto Maior (12), Centro (12), Jardim Caranã (11), Operário (11), São Francisco (11), Aeroporto (10), João de Barro (10), Pedra Pintada (9), Nova Canaã (8), Calunga (7), Murilo Teixeira Cidade (6), Laura Moreira (5), Trinta e um de Março (5), Olímpico (4), Said Salomão (4), Piscicultura (3), Canarinho (2), Governador Aquilino Mota Duarte (2), Assentamento Residencial Monte Cristo (2), São Pedro (2), 5 de Outubro (2) e Monte das Oliveiras (2). No interior as amostras foram por município: Alto Alegre (40), Amajari (26), Boa Vista (1022), Bonfim (29), Cantá (43), Caracaraí (48), Caroebe (25), Iracema (22), Mucajaí (43), Normandia (25), Pacaraima (37), Rorainópolis (78), São João da Baliza (22), São Luiz (18) e Uiramutã (22)."
"01/09/2026";"05:46:44";2026;81;"Eleições Gerais 2026";"RR";"RR";"RORAIMA";"RR047652026";"2026-08-21 10:22:56";"N";"22445600000104";"QUAEST PESQUISAS, CONSULTORIA E PROJETOS LTDA.";"#NULO#";"Governador, Senador";"2026-08-23 00:00:00";"2026-08-26 00:00:00";"2026-08-27 00:00:00";804;"6731";"Margarida Maria de Mendonca";"132861,00";"Pesquisa quantitativa, de survey, que consiste na realização de entrevistas pessoais, domiciliares e presenciais, conduzidas por profissionais treinados, com a aplicação de questionários estruturados a uma amostra representativa da população votante de 16 anos ou mais residente no estado de Roraima. O desenho amostral aplicado combina sorteio probabilístico de municípios e de setores censitários fornecidos pelo IBGE (unidades territoriais homogêneas, de tamanho similar a quadras ou blocos), dentro dos quais serão selecionadas pessoas respondentes por meio de cotas amostrais.";"O público pesquisado é composto por eleitores de 16 anos ou mais residentes na área de abrangência da pesquisa. Para produzir uma amostra representativa desse público-alvo, utilizamos um desenho amostral por conglomerados que prevê três estágios. No primeiro estágio, é feito um sorteio probabilístico de municípios para comporem a amostra por meio do método PPT (Probabilidade Proporcional ao Tamanho) a partir de suas populações votantes acima de 16 anos. Dentro da lista de municípios sorteados, no segundo estágio, é realizado um sorteio probabilístico por meio do método PPT (Probabilidade Proporcional ao Tamanho) de setores censitários a serem visitados pelos entrevistadores, sorteio que tem como base o total de habitantes residentes nos setores de acordo com dados do Censo de 2022, o que garante a dispersão aleatória e estatística da amostra dentro dos territórios municipais, independentemente de divisões administrativas. Finalmente, dentro da lista de setores censitários sorteados, no último estágio são selecionados domicílios e pessoas a serem entrevistadas utilizando-se cotas amostrais para as seguintes variáveis: sexo, idade, renda familiar e escolaridade. O perfil da amostra, definido pelas cotas previstas, é o seguinte:

Sexo: Masculino (49%); Feminino (51%). 
Faixa etária: 16-34 anos (42%); 35-59 anos (43%); 60 ou mais (15%). 
Renda domiciliar total, incluindo pensões, benefícios e rendimentos de trabalhos informais: Até 2 salários-mínimos (32%); Mais de 2 a 5 salários-mínimos (42%); Mais de 5 salários-mínimos (26%). 
Nível de instrução: Até Fundamental completo ou médio incompleto (35%); Médio completo ou superior incompleto (47%); Superior completo ou mais (18%). 

Fonte dos dados: para a distribuição de sexo e idade, TSE-Tribunal Superior Eleitoral - julho/2026; para a malha de setores censitários, Censo 2022 (IBGE); para a distribuição de renda domiciliar, PNADc Anual 2025, 1ª visita (IBGE); e, para a distribuição de escolaridade/instrução, PNADc trimestral 1-2026 (IBGE). A PNADc é utilizada por ser a fonte oficial mais atualizada de rendimentos do país, incluindo rendimentos informais, pensões, entre outros, e corrigindo as defasagens temporais do Censo 2022, além de ser a fonte mais atualizada de nível de instrução da população com 16 anos ou mais dada ausência de atualização obrigatória da escolaridade no registro de eleitores do TSE.

Está prevista eventual pós-estratificação da amostra, por meio de algoritmos de calibração (rake) e modelos (MrP), para correção de estimativas e das distribuições das variáveis sexo, idade, renda familiar e escolaridade, com base nos percentuais anteriormente mencionados, caso ocorram diferenças entre os percentuais previstos na amostra e a coleta de dados realizada. 

Dentro do público-alvo anteriormente descrito, serão realizadas 804 entrevistas. O nível de confiança das estimativas é de 95% e a margem de erro máxima prevista, atendendo às diretivas do TSE e usando o cálculo para amostra aleatória simples (AAS) como aproximação, é de cerca de 3 pontos percentuais para mais ou para menos em relação aos totais da amostra.
";"As entrevistas serão realizadas por uma equipe de entrevistadores devidamente qualificada, com experiência e treinamento em pesquisa de opinião pública. Todo trabalho é feito em tablets ou outros dispositivos eletrônicos. Após a realização da coleta de dados, as entrevistas junto aos respondentes são checadas por meio de procedimentos de consistência e de georreferenciamento dos locais de aplicação em tempo real. Adicionalmente, ao longo e após os trabalhos de campo, é realizada uma fiscalização que consiste na checagem de áudio de uma amostra de 30% dos questionários aplicados para verificação das respostas e da adequação dos entrevistados aos parâmetros amostrais.
";"A área de abrangência da coleta é o território do estado de Roraima. A relação do número de pessoas pesquisadas nas áreas de aplicação da pesquisa, discriminadas por município, bairros e setores censitários a partir dos identificadores utilizados pelo IBGE, além da composição do eleitorado entrevistado na área de abrangência quanto a gênero, idade, grau de instrução e nível econômico, constará em anexo. O mapa com os códigos destes setores censitários e as áreas que delimitam no país todo podem ser conferidos na seguinte fonte oficial: https://censo2022.ibge.gov.br/panorama/mapas.html?localidade=&recorte=setores_censitarios
"
"01/09/2026";"05:46:44";2026;81;"Eleições Gerais 2026";"RR";"RR";"RORAIMA";"RR039182026";"2026-06-01 23:18:29";"S";"00654576000172";"INSTITUTO VERITA LTDA";"VERITA";"Governador, Senador";"2026-06-02 00:00:00";"2026-06-06 00:00:00";"2026-06-07 00:00:00";1030;"10699";"GUILHERME ALVARENGA LAIA";"79310,00";"Pesquisa quantitativa, que consiste na realização de entrevistas, com a aplicação de questionário estruturado junto a uma amostra representativa do eleitorado desta Unidade da Federação.";"ESTUDO REPRESENTATIVO DO ELEITORADO DO ESTADO DE RORAIMA - MÉTODO PPT (Probabilidade Proporcional ao Tamanho) - PLANO AMOSTRAL E PONDERAÇÃO QUANTO A SEXO, IDADE, GRAU DE INSTRUÇÃO E NÍVEL ECONÔMICO DO ENTREVISTADO; INTERVALO DE CONFIANÇA E MARGEM DE ERRO: Representativo do eleitorado da área em estudo, elaborada, em vários estágios, da seguinte forma: - 1. Divisão da UF em estratos proporcionais de municípios. 2. Ordenação dos municípios de cada estrato segundo o porte. 3. Sorteio dos municípios de cada estrato. 4. Os respondentes são selecionados através de quotas amostrais proporcionais em função de variáveis significativas, a saber: GÊNERO / FAIXA ETÁRIA - FEMININO E MASCULINO 16 A 34 ANOS 21,1% E 19,9%, 35 A 54 ANOS 19,5% E 18%, 55 ANOS OU MAIS 10,6% E 11%. GRAU DE INSTRUÇÃO ¿ FEMININO E MASCULINO Sem instrução até Ensino Médio completo 55,7%, Ensino superior incompleto e completo 44,3% NÍVEL ECONÔMICO - FEMININO população não economicamente ativa 46,5% população economicamente ativa 53,5% MASCULINO população não economicamente ativa 27,2% população economicamente ativa 72,8%. RENDA FAMILIAR DO DOMICÍLIO renda familiar de até 2 salários-mínimos 30,7%; de 2 a 5 salários-mínimos 44,2%, acima de 5 salários-mínimos 25,1%. Está prevista eventual ponderação para correção das variáveis, com base nos percentuais anteriormente mencionados, caso ocorram diferenças superiores a margem de erro da pesquisa previsto entre a amostra e a coleta de dados realizada. O fator previsto para ponderação é 1 (resultados obtidos na coleta de dados). O intervalo de confiança estimado é de 95% e a margem de erro máxima estimada considerando um modelo de amostragem aleatório simples, é de 3,5 pontos percentuais para mais ou para menos sobre os resultados encontrados no total da amostra. FONTE DOS DADOS: IBGE/Censo 2022 para fins de densidade demográfica, setores censitários e alocação da amostra. IBGE/PNAD/PNADC/MEC/INEP para fins de Nível Econômico e Escolaridade. TSE FEVEREIRO/2026 para fins de Sexo, Faixa Etária e eleitorado por município ou regiões previamente definidas (importante ressaltar para o público leigo que os dados do TSE são os únicos corretos para gênero, idade dos eleitores e quantitativo de eleitores por municípios já que a base de dados se atualiza automaticamente, PORÉM, dados de escolaridade e nível econômico NÃO são corretos e confiáveis devido a desatualização que ocorre naturalmente com o passar dos anos). Definição de margem de erro e intervalo de confiança: Margem de erro e intervalo de confiança não são grandezas diretamente proporcionais. A SOMA NÃO TEM QUE RESULTAR 100%. ";"Após os trabalhos de coleta de dados, os questionários são submetidos a uma fiscalização, conferência e checagem de cerca de 20% (vinte por cento) dos questionários aplicados.";"A relação dos municípios sorteados ou selecionados para esta pesquisa será apresentada em arquivo anexo até 1 (um) dia após a divulgação desta pesquisa conforme §7º. do art. 2º. da Resolução-TSE nº. 23.600/2019. A área de abrangência desta pesquisa é o Estado DE RORAIMA"
"01/09/2026";"05:46:44";2026;81;"Eleições Gerais 2026";"RR";"RR";"RORAIMA";"RR007552026";"2026-06-15 20:53:30";"S";"00654576000172";"INSTITUTO VERITA LTDA";"VERITA";"Governador, Senador";"2026-06-16 00:00:00";"2026-06-20 00:00:00";"2026-06-21 00:00:00";1030;"10699";"GUILHERME ALVARENGA LAIA";"79310,00";"Pesquisa quantitativa, que consiste na realização de entrevistas, com a aplicação de questionário estruturado junto a uma amostra representativa do eleitorado desta Unidade da Federação.";"ESTUDO REPRESENTATIVO DO ELEITORADO DO ESTADO DE RORAIMA - MÉTODO PPT (Probabilidade Proporcional ao Tamanho) - PLANO AMOSTRAL E PONDERAÇÃO QUANTO A SEXO, IDADE, GRAU DE INSTRUÇÃO E NÍVEL ECONÔMICO DO ENTREVISTADO; INTERVALO DE CONFIANÇA E MARGEM DE ERRO: Representativo do eleitorado da área em estudo, elaborada, em vários estágios, da seguinte forma: - 1. Divisão da UF em estratos proporcionais de municípios. 2. Ordenação dos municípios de cada estrato segundo o porte. 3. Sorteio dos municípios de cada estrato. 4. Os respondentes são selecionados através de quotas amostrais proporcionais em função de variáveis significativas, a saber: GÊNERO / FAIXA ETÁRIA - FEMININO E MASCULINO 16 A 34 ANOS 21,1% E 19,9%, 35 A 54 ANOS 19,5% E 18%, 55 ANOS OU MAIS 10,6% E 11%. GRAU DE INSTRUÇÃO ¿ FEMININO E MASCULINO Sem instrução até Ensino Médio completo 55,7%, Ensino superior incompleto e completo 44,3% NÍVEL ECONÔMICO - FEMININO população não economicamente ativa 46,5% população economicamente ativa 53,5% MASCULINO população não economicamente ativa 27,2% população economicamente ativa 72,8%. RENDA FAMILIAR DO DOMICÍLIO renda familiar de até 2 salários-mínimos 30,7%; de 2 a 5 salários-mínimos 44,2%, acima de 5 salários-mínimos 25,1%. Está prevista eventual ponderação para correção das variáveis, com base nos percentuais anteriormente mencionados, caso ocorram diferenças superiores a margem de erro da pesquisa previsto entre a amostra e a coleta de dados realizada. O fator previsto para ponderação é 1 (resultados obtidos na coleta de dados). O intervalo de confiança estimado é de 95% e a margem de erro máxima estimada considerando um modelo de amostragem aleatório simples, é de 3,5 pontos percentuais para mais ou para menos sobre os resultados encontrados no total da amostra. FONTE DOS DADOS: IBGE/Censo 2022 para fins de densidade demográfica, setores censitários e alocação da amostra. IBGE/PNAD/PNADC/MEC/INEP para fins de Nível Econômico e Escolaridade. TSE FEVEREIRO/2026 para fins de Sexo, Faixa Etária e eleitorado por município ou regiões previamente definidas (importante ressaltar para o público leigo que os dados do TSE são os únicos corretos para gênero, idade dos eleitores e quantitativo de eleitores por municípios já que a base de dados se atualiza automaticamente, PORÉM, dados de escolaridade e nível econômico NÃO são corretos e confiáveis devido a desatualização que ocorre naturalmente com o passar dos anos). Definição de margem de erro e intervalo de confiança: Margem de erro e intervalo de confiança não são grandezas diretamente proporcionais. A SOMA NÃO TEM QUE RESULTAR 100%. ";"Após os trabalhos de coleta de dados, os questionários são submetidos a uma fiscalização, conferência e checagem de cerca de 20% (vinte por cento) dos questionários aplicados.";"A relação dos municípios sorteados ou selecionados para esta pesquisa será apresentada em arquivo anexo até 1 (um) dia após a divulgação desta pesquisa conforme §7º. do art. 2º. da Resolução-TSE nº. 23.600/2019. A área de abrangência desta pesquisa é o Estado DE RORAIMA"
